{
  "ents_f": 89.4508317025,
  "ents_p": 89.5932867818,
  "ents_r": 89.3088289168,
  "las": 87.0457088843,
  "tags_acc": 96.7850517337,
  "token_acc": 100.0,
  "uas": 90.2030660915
}